Customer_id,Age,Sex,Housing,Credit_amount,Duration,Purpose,Cluster,Customer_Segment
0,67,male,own,1169,6,radio/TV,1,Lost Customer
1,22,female,own,5951,48,radio/TV,0,Loyal Customer
2,49,male,own,2096,12,education,1,Lost Customer
3,45,male,free,7882,42,furniture/equipment,0,Loyal Customer
4,53,male,free,4870,24,car,0,Loyal Customer
5,35,male,free,9055,36,education,0,Loyal Customer
6,53,male,own,2835,24,furniture/equipment,1,Lost Customer
7,35,male,rent,6948,36,car,0,Loyal Customer
8,61,male,own,3059,12,radio/TV,1,Lost Customer
9,28,male,own,5234,30,car,0,Loyal Customer
10,25,female,rent,1295,12,car,2,Cheap Customer
11,24,female,rent,4308,48,business,0,Loyal Customer
12,22,female,own,1567,12,radio/TV,2,Cheap Customer
13,60,male,own,1199,24,car,1,Lost Customer
14,28,female,rent,1403,15,car,2,Cheap Customer
15,32,female,own,1282,24,radio/TV,2,Cheap Customer
16,53,male,own,2424,24,radio/TV,1,Lost Customer
17,25,male,own,8072,30,business,0,Loyal Customer
18,44,female,free,12579,24,car,0,Loyal Customer
19,31,male,own,3430,24,radio/TV,0,Loyal Customer
20,48,male,own,2134,9,car,1,Lost Customer
21,44,male,rent,2647,6,radio/TV,1,Lost Customer
22,48,male,rent,2241,10,car,1,Lost Customer
23,44,male,own,1804,12,car,1,Lost Customer
24,26,male,own,2069,10,furniture/equipment,2,Cheap Customer
25,36,male,own,1374,6,furniture/equipment,1,Lost Customer
26,39,male,own,426,6,radio/TV,1,Lost Customer
27,42,female,rent,409,12,radio/TV,1,Lost Customer
28,34,male,own,2415,7,radio/TV,2,Cheap Customer
29,63,male,own,6836,60,business,0,Loyal Customer
30,36,male,own,1913,18,business,2,Cheap Customer
31,27,male,own,4020,24,furniture/equipment,0,Loyal Customer
32,30,male,own,5866,18,car,0,Loyal Customer
33,57,male,rent,1264,12,business,1,Lost Customer
34,33,female,own,1474,12,furniture/equipment,2,Cheap Customer
35,25,male,own,4746,45,radio/TV,0,Loyal Customer
36,31,male,free,6110,48,education,0,Loyal Customer
37,37,male,own,2100,18,radio/TV,1,Lost Customer
38,37,male,own,1225,10,domestic appliances,1,Lost Customer
39,24,male,own,458,9,radio/TV,2,Cheap Customer
40,30,male,own,2333,30,radio/TV,0,Loyal Customer
41,26,male,own,1158,12,radio/TV,2,Cheap Customer
42,44,male,own,6204,18,repairs,0,Loyal Customer
43,24,male,rent,6187,30,car,0,Loyal Customer
44,58,female,free,6143,48,car,0,Loyal Customer
45,35,female,own,1393,11,car,2,Cheap Customer
46,39,male,own,2299,36,radio/TV,0,Loyal Customer
47,23,female,rent,1352,6,car,2,Cheap Customer
48,39,male,own,7228,11,car,0,Loyal Customer
49,28,female,own,2073,12,radio/TV,2,Cheap Customer
50,29,male,own,2333,24,furniture/equipment,0,Loyal Customer
51,30,male,own,5965,27,car,0,Loyal Customer
52,25,male,own,1262,12,radio/TV,2,Cheap Customer
53,31,male,own,3378,18,car,0,Loyal Customer
54,57,male,free,2225,36,car,1,Lost Customer
55,26,male,own,783,6,car,2,Cheap Customer
56,52,male,own,6468,12,radio/TV,1,Lost Customer
57,31,female,own,9566,36,radio/TV,0,Loyal Customer
58,23,female,own,1961,18,car,2,Cheap Customer
59,23,female,rent,6229,36,furniture/equipment,0,Loyal Customer
60,27,male,own,1391,9,business,2,Cheap Customer
61,50,male,own,1537,15,radio/TV,1,Lost Customer
62,61,male,free,1953,36,business,1,Lost Customer
63,25,male,own,14421,48,business,0,Loyal Customer
64,26,female,own,3181,24,radio/TV,0,Loyal Customer
65,48,male,own,5190,27,repairs,0,Loyal Customer
66,29,female,own,2171,12,radio/TV,2,Cheap Customer
67,22,male,own,1007,12,car,2,Cheap Customer
68,37,male,free,1819,36,education,0,Loyal Customer
69,25,female,own,2394,36,radio/TV,0,Loyal Customer
70,30,female,own,8133,36,car,0,Loyal Customer
71,46,male,rent,730,7,radio/TV,1,Lost Customer
72,51,male,free,1164,8,vacation/others,1,Lost Customer
73,41,female,own,5954,42,business,0,Loyal Customer
74,40,male,own,1977,36,education,0,Loyal Customer
75,66,male,free,1526,12,car,1,Lost Customer
76,34,male,own,3965,42,radio/TV,0,Loyal Customer
77,51,male,own,4771,11,radio/TV,1,Lost Customer
78,39,male,own,9436,54,car,0,Loyal Customer
79,22,male,own,3832,30,furniture/equipment,0,Loyal Customer
80,44,female,own,5943,24,radio/TV,0,Loyal Customer
81,47,male,own,1213,15,radio/TV,1,Lost Customer
82,24,female,rent,1568,18,business,2,Cheap Customer
83,58,female,own,1755,24,vacation/others,1,Lost Customer
84,52,male,own,2315,10,radio/TV,1,Lost Customer
85,29,female,own,1412,12,business,2,Cheap Customer
86,27,female,own,1295,18,furniture/equipment,2,Cheap Customer
87,47,male,free,12612,36,education,0,Loyal Customer
88,30,male,own,2249,18,car,2,Cheap Customer
89,28,male,own,1108,12,repairs,2,Cheap Customer
90,56,male,own,618,12,radio/TV,1,Lost Customer
91,54,male,own,1409,12,car,1,Lost Customer
92,33,female,own,797,12,radio/TV,2,Cheap Customer
93,20,male,rent,3617,24,furniture/equipment,0,Loyal Customer
94,54,male,own,1318,12,car,1,Lost Customer
95,58,male,rent,15945,54,business,0,Loyal Customer
96,61,female,own,2012,12,education,1,Lost Customer
97,34,male,own,2622,18,business,2,Cheap Customer
98,36,male,own,2337,36,radio/TV,0,Loyal Customer
99,36,male,rent,7057,20,car,0,Loyal Customer
100,41,male,rent,1469,24,car,1,Lost Customer
101,24,male,rent,2323,36,radio/TV,0,Loyal Customer
102,24,female,own,932,6,radio/TV,2,Cheap Customer
103,35,male,rent,1919,9,furniture/equipment,2,Cheap Customer
104,26,male,rent,2445,12,car,2,Cheap Customer
105,39,male,own,11938,24,vacation/others,0,Loyal Customer
106,39,male,own,6458,18,car,0,Loyal Customer
107,32,male,own,6078,12,car,0,Loyal Customer
108,30,female,own,7721,24,furniture/equipment,0,Loyal Customer
109,35,male,own,1410,14,business,2,Cheap Customer
110,31,male,own,1449,6,business,2,Cheap Customer
111,23,female,rent,392,15,education,2,Cheap Customer
112,28,male,rent,6260,18,car,0,Loyal Customer
113,25,female,own,7855,36,car,0,Loyal Customer
114,35,male,own,1680,12,radio/TV,2,Cheap Customer
115,47,male,own,3578,48,radio/TV,0,Loyal Customer
116,30,female,own,7174,42,radio/TV,0,Loyal Customer
117,27,female,rent,2132,10,furniture/equipment,2,Cheap Customer
118,23,female,own,4281,33,furniture/equipment,0,Loyal Customer
119,36,male,own,2366,12,car,1,Lost Customer
120,25,female,own,1835,21,radio/TV,2,Cheap Customer
121,41,female,rent,3868,24,car,0,Loyal Customer
122,24,male,rent,1768,12,furniture/equipment,2,Cheap Customer
123,63,male,free,781,10,car,1,Lost Customer
124,27,female,rent,1924,18,furniture/equipment,2,Cheap Customer
125,30,male,own,2121,12,car,2,Cheap Customer
126,40,male,own,701,12,radio/TV,1,Lost Customer
127,30,male,own,639,12,repairs,2,Cheap Customer
128,34,male,own,1860,12,car,2,Cheap Customer
129,29,female,own,3499,12,car,2,Cheap Customer
130,24,female,own,8487,48,car,0,Loyal Customer
131,29,male,own,6887,36,education,0,Loyal Customer
132,27,male,own,2708,15,furniture/equipment,2,Cheap Customer
133,47,male,free,1984,18,furniture/equipment,1,Lost Customer
134,21,female,own,10144,60,radio/TV,0,Loyal Customer
135,38,female,own,1240,12,radio/TV,1,Lost Customer
136,27,male,own,8613,27,car,0,Loyal Customer
137,66,male,own,766,12,radio/TV,1,Lost Customer
138,35,male,own,2728,15,radio/TV,2,Cheap Customer
139,44,female,rent,1881,12,radio/TV,1,Lost Customer
140,27,male,own,709,6,car,2,Cheap Customer
141,30,female,own,4795,36,radio/TV,0,Loyal Customer
142,27,male,own,3416,27,radio/TV,0,Loyal Customer
143,22,male,own,2462,18,furniture/equipment,2,Cheap Customer
144,23,female,own,2288,21,furniture/equipment,2,Cheap Customer
145,30,male,own,3566,48,business,0,Loyal Customer
146,39,female,own,860,6,car,1,Lost Customer
147,51,female,own,682,12,car,1,Lost Customer
148,28,male,own,5371,36,furniture/equipment,0,Loyal Customer
149,46,male,own,1582,18,radio/TV,1,Lost Customer
150,42,male,free,1346,6,radio/TV,1,Lost Customer
151,38,male,own,1924,10,radio/TV,1,Lost Customer
152,24,male,own,5848,36,radio/TV,0,Loyal Customer
153,29,female,rent,7758,24,car,0,Loyal Customer
154,36,male,rent,6967,24,business,0,Loyal Customer
155,20,female,rent,1282,12,furniture/equipment,2,Cheap Customer
156,48,male,own,1288,9,repairs,1,Lost Customer
157,45,male,own,339,12,education,1,Lost Customer
158,38,male,own,3512,24,car,0,Loyal Customer
159,34,male,own,1898,6,radio/TV,2,Cheap Customer
160,36,male,own,2872,24,radio/TV,0,Loyal Customer
161,30,female,own,1055,18,car,2,Cheap Customer
162,36,male,own,1262,15,domestic appliances,2,Cheap Customer
163,70,male,free,7308,10,car,1,Lost Customer
164,36,male,own,909,36,car,2,Cheap Customer
165,32,male,own,2978,6,furniture/equipment,2,Cheap Customer
166,33,female,own,1131,18,furniture/equipment,2,Cheap Customer
167,20,female,own,1577,11,furniture/equipment,2,Cheap Customer
168,25,female,rent,3972,24,furniture/equipment,0,Loyal Customer
169,31,male,own,1935,24,business,2,Cheap Customer
170,33,male,rent,950,15,car,2,Cheap Customer
171,26,female,own,763,12,furniture/equipment,2,Cheap Customer
172,34,female,own,2064,24,furniture/equipment,0,Loyal Customer
173,33,male,own,1414,8,radio/TV,2,Cheap Customer
174,26,male,own,3414,21,education,0,Loyal Customer
175,53,female,own,7485,30,car,0,Loyal Customer
176,42,male,own,2577,12,furniture/equipment,1,Lost Customer
177,52,male,own,338,6,radio/TV,1,Lost Customer
178,31,male,rent,1963,12,radio/TV,2,Cheap Customer
179,65,male,own,571,21,car,1,Lost Customer
180,28,male,own,9572,36,business,0,Loyal Customer
181,30,male,own,4455,36,business,0,Loyal Customer
182,40,male,own,1647,21,car,1,Lost Customer
183,50,male,own,3777,24,furniture/equipment,0,Loyal Customer
184,36,male,own,884,18,car,2,Cheap Customer
185,31,male,own,1360,15,radio/TV,2,Cheap Customer
186,74,female,free,5129,9,car,1,Lost Customer
187,68,male,free,1175,16,car,1,Lost Customer
188,20,male,own,674,12,radio/TV,2,Cheap Customer
189,33,female,own,3244,18,furniture/equipment,0,Loyal Customer
190,54,male,own,4591,24,business,0,Loyal Customer
191,34,male,free,3844,48,business,0,Loyal Customer
192,36,male,own,3915,27,business,0,Loyal Customer
193,29,male,rent,2108,6,radio/TV,2,Cheap Customer
194,21,male,rent,3031,45,radio/TV,0,Loyal Customer
195,34,female,own,1501,9,education,2,Cheap Customer
196,28,female,own,1382,6,radio/TV,2,Cheap Customer
197,27,female,rent,951,12,furniture/equipment,2,Cheap Customer
198,36,male,free,2760,24,car,0,Loyal Customer
199,40,male,own,4297,18,furniture/equipment,0,Loyal Customer
200,52,male,own,936,9,education,1,Lost Customer
201,27,male,own,1168,12,car,2,Cheap Customer
202,26,male,own,5117,27,business,0,Loyal Customer
203,21,male,rent,902,12,education,2,Cheap Customer
204,38,male,own,1495,12,car,1,Lost Customer
205,38,male,free,10623,30,car,0,Loyal Customer
206,43,male,own,1935,12,furniture/equipment,1,Lost Customer
207,26,male,own,1424,12,domestic appliances,2,Cheap Customer
208,21,male,own,6568,24,business,0,Loyal Customer
209,55,male,own,1413,12,car,1,Lost Customer
210,33,male,own,3074,9,radio/TV,2,Cheap Customer
211,45,female,own,3835,36,radio/TV,0,Loyal Customer
212,50,male,own,5293,27,business,0,Loyal Customer
213,66,male,own,1908,30,business,1,Lost Customer
214,51,male,own,3342,36,radio/TV,0,Loyal Customer
215,39,female,own,932,6,education,1,Lost Customer
216,31,male,own,3104,18,business,0,Loyal Customer
217,23,male,own,3913,36,radio/TV,0,Loyal Customer
218,24,male,rent,3021,24,furniture/equipment,0,Loyal Customer
219,64,female,own,1364,10,car,1,Lost Customer
220,26,male,own,625,12,radio/TV,2,Cheap Customer
221,23,female,rent,1200,12,education,2,Cheap Customer
222,30,male,own,707,12,radio/TV,2,Cheap Customer
223,32,male,own,2978,24,business,0,Loyal Customer
224,30,male,own,4657,15,car,0,Loyal Customer
225,27,male,own,2613,36,repairs,0,Loyal Customer
226,27,male,own,10961,48,radio/TV,0,Loyal Customer
227,53,male,free,7865,12,furniture/equipment,1,Lost Customer
228,22,male,own,1478,9,radio/TV,2,Cheap Customer
229,22,male,free,3149,24,furniture/equipment,0,Loyal Customer
230,26,male,own,4210,36,radio/TV,0,Loyal Customer
231,51,male,free,2507,9,car,1,Lost Customer
232,35,male,own,2141,12,radio/TV,2,Cheap Customer
233,25,male,own,866,18,radio/TV,2,Cheap Customer
234,42,male,own,1544,4,radio/TV,1,Lost Customer
235,30,male,own,1823,24,radio/TV,2,Cheap Customer
236,23,male,own,14555,6,car,2,Cheap Customer
237,61,male,rent,2767,21,business,1,Lost Customer
238,35,female,own,1291,12,radio/TV,2,Cheap Customer
239,39,male,own,2522,30,radio/TV,0,Loyal Customer
240,29,female,own,915,24,car,2,Cheap Customer
241,51,male,own,1595,6,radio/TV,1,Lost Customer
242,24,male,free,4605,48,car,0,Loyal Customer
243,27,female,own,1185,12,business,2,Cheap Customer
244,35,female,own,3447,12,education,2,Cheap Customer
245,25,male,own,1258,24,business,2,Cheap Customer
246,52,male,own,717,12,radio/TV,1,Lost Customer
247,35,male,rent,1204,6,car,2,Cheap Customer
248,26,male,own,1925,24,furniture/equipment,2,Cheap Customer
249,22,female,rent,433,18,radio/TV,2,Cheap Customer
250,39,female,own,666,6,car,1,Lost Customer
251,46,female,own,2251,12,furniture/equipment,1,Lost Customer
252,24,female,own,2150,30,car,0,Loyal Customer
253,35,male,own,4151,24,furniture/equipment,0,Loyal Customer
254,24,male,own,2030,9,furniture/equipment,2,Cheap Customer
255,27,male,own,7418,60,radio/TV,0,Loyal Customer
256,35,male,own,2684,24,radio/TV,0,Loyal Customer
257,29,male,free,2149,12,radio/TV,2,Cheap Customer
258,23,female,own,3812,15,car,2,Cheap Customer
259,57,female,own,1154,11,radio/TV,1,Lost Customer
260,27,male,own,1657,12,furniture/equipment,2,Cheap Customer
261,55,female,own,1603,24,radio/TV,1,Lost Customer
262,36,male,free,5302,18,car,0,Loyal Customer
263,57,female,free,2748,12,education,1,Lost Customer
264,32,male,own,1231,10,car,2,Cheap Customer
265,37,male,own,802,15,radio/TV,1,Lost Customer
266,36,male,own,6304,36,business,0,Loyal Customer
267,38,female,own,1533,24,radio/TV,1,Lost Customer
268,45,male,own,8978,14,car,0,Loyal Customer
269,25,male,own,999,24,radio/TV,2,Cheap Customer
270,32,male,own,2662,18,car,2,Cheap Customer
271,37,female,rent,1402,12,furniture/equipment,1,Lost Customer
272,36,male,free,12169,48,car,0,Loyal Customer
273,28,male,own,3060,48,radio/TV,0,Loyal Customer
274,34,male,own,11998,30,repairs,0,Loyal Customer
275,32,male,own,2697,9,radio/TV,2,Cheap Customer
276,26,female,own,2404,18,radio/TV,2,Cheap Customer
277,49,male,own,1262,12,furniture/equipment,1,Lost Customer
278,32,female,own,4611,6,furniture/equipment,2,Cheap Customer
279,29,male,rent,1901,24,radio/TV,2,Cheap Customer
280,23,male,rent,3368,15,car,2,Cheap Customer
281,50,male,own,1574,12,furniture/equipment,1,Lost Customer
282,49,male,own,1445,18,radio/TV,1,Lost Customer
283,63,male,own,1520,15,furniture/equipment,1,Lost Customer
284,37,male,own,3878,24,car,0,Loyal Customer
285,35,female,own,10722,47,car,0,Loyal Customer
286,26,male,own,4788,48,car,0,Loyal Customer
287,31,male,free,7582,48,vacation/others,0,Loyal Customer
288,49,female,own,1092,12,radio/TV,1,Lost Customer
289,48,male,own,1024,24,radio/TV,1,Lost Customer
290,26,male,own,1076,12,business,2,Cheap Customer
291,28,male,rent,9398,36,car,0,Loyal Customer
292,44,female,free,6419,24,car,0,Loyal Customer
293,56,male,free,4796,42,car,0,Loyal Customer
294,46,male,own,7629,48,business,0,Loyal Customer
295,26,female,own,9960,48,furniture/equipment,0,Loyal Customer
296,20,female,rent,4675,12,car,2,Cheap Customer
297,45,male,own,1287,10,car,1,Lost Customer
298,43,male,own,2515,18,furniture/equipment,1,Lost Customer
299,32,male,own,2745,21,furniture/equipment,0,Loyal Customer
300,54,female,own,672,6,car,1,Lost Customer
301,42,female,own,3804,36,radio/TV,0,Loyal Customer
302,37,male,own,1344,24,car,1,Lost Customer
303,49,male,own,1038,10,car,1,Lost Customer
304,44,male,free,10127,48,car,0,Loyal Customer
305,33,male,own,1543,6,furniture/equipment,2,Cheap Customer
306,24,female,rent,4811,30,car,0,Loyal Customer
307,33,male,own,727,12,radio/TV,2,Cheap Customer
308,24,female,own,1237,8,furniture/equipment,2,Cheap Customer
309,22,male,rent,276,9,car,2,Cheap Customer
310,40,male,free,5381,48,vacation/others,0,Loyal Customer
311,25,male,own,5511,24,furniture/equipment,0,Loyal Customer
312,26,female,own,3749,24,furniture/equipment,0,Loyal Customer
313,25,male,own,685,12,car,2,Cheap Customer
314,29,male,own,1494,4,car,2,Cheap Customer
315,31,male,own,2746,36,furniture/equipment,0,Loyal Customer
316,38,male,own,708,12,furniture/equipment,1,Lost Customer
317,48,female,own,4351,24,furniture/equipment,0,Loyal Customer
318,32,male,own,701,12,education,2,Cheap Customer
319,27,female,own,3643,15,furniture/equipment,2,Cheap Customer
320,28,male,own,4249,30,car,0,Loyal Customer
321,32,male,own,1938,24,radio/TV,2,Cheap Customer
322,34,male,free,2910,24,car,0,Loyal Customer
323,28,male,own,2659,18,furniture/equipment,2,Cheap Customer
324,36,female,own,1028,18,car,2,Cheap Customer
325,39,male,own,3398,8,car,1,Lost Customer
326,49,male,rent,5801,12,furniture/equipment,1,Lost Customer
327,34,female,own,1525,24,car,2,Cheap Customer
328,31,male,own,4473,36,radio/TV,0,Loyal Customer
329,28,male,own,1068,6,radio/TV,2,Cheap Customer
330,75,male,free,6615,24,car,1,Lost Customer
331,30,female,own,1864,18,education,2,Cheap Customer
332,24,female,own,7408,60,car,0,Loyal Customer
333,24,female,rent,11590,48,car,0,Loyal Customer
334,23,male,rent,4110,24,furniture/equipment,0,Loyal Customer
335,44,male,rent,3384,6,furniture/equipment,1,Lost Customer
336,23,female,own,2101,13,radio/TV,2,Cheap Customer
337,24,female,rent,1275,15,domestic appliances,2,Cheap Customer
338,28,male,own,4169,24,furniture/equipment,0,Loyal Customer
339,31,male,own,1521,10,furniture/equipment,2,Cheap Customer
340,24,female,free,5743,24,education,0,Loyal Customer
341,26,female,rent,3599,21,furniture/equipment,0,Loyal Customer
342,25,male,rent,3213,18,radio/TV,2,Cheap Customer
343,33,male,own,4439,18,business,0,Loyal Customer
344,37,male,own,3949,10,car,1,Lost Customer
345,43,female,own,1459,15,radio/TV,1,Lost Customer
346,23,male,own,882,13,radio/TV,2,Cheap Customer
347,23,female,rent,3758,24,radio/TV,0,Loyal Customer
348,34,male,own,1743,6,business,2,Cheap Customer
349,32,male,free,1136,9,education,2,Cheap Customer
350,23,female,rent,1236,9,domestic appliances,2,Cheap Customer
351,29,female,own,959,9,furniture/equipment,2,Cheap Customer
352,38,male,own,3229,18,car,0,Loyal Customer
353,28,male,rent,6199,12,radio/TV,0,Loyal Customer
354,46,male,free,727,10,education,1,Lost Customer
355,23,male,own,1246,24,car,2,Cheap Customer
356,49,male,own,2331,12,radio/TV,1,Lost Customer
357,26,male,own,4463,36,radio/TV,0,Loyal Customer
358,28,male,own,776,12,radio/TV,2,Cheap Customer
359,23,female,rent,2406,30,furniture/equipment,0,Loyal Customer
360,61,male,free,1239,18,education,1,Lost Customer
361,37,male,own,3399,12,radio/TV,1,Lost Customer
362,36,female,own,2247,12,car,1,Lost Customer
363,21,male,rent,1766,6,furniture/equipment,2,Cheap Customer
364,25,male,own,2473,18,furniture/equipment,2,Cheap Customer
365,36,male,own,1542,12,business,2,Cheap Customer
366,27,male,own,3850,18,car,0,Loyal Customer
367,22,female,rent,3650,18,furniture/equipment,2,Cheap Customer
368,42,male,own,3446,36,furniture/equipment,0,Loyal Customer
369,40,female,rent,3001,18,furniture/equipment,1,Lost Customer
370,36,male,own,3079,36,car,0,Loyal Customer
371,33,male,own,6070,18,radio/TV,0,Loyal Customer
372,23,female,rent,2146,10,furniture/equipment,2,Cheap Customer
373,63,male,free,13756,60,car,0,Loyal Customer
374,60,female,free,14782,60,vacation/others,0,Loyal Customer
375,37,female,rent,7685,48,business,0,Loyal Customer
376,34,male,own,2320,18,radio/TV,2,Cheap Customer
377,36,male,free,846,7,radio/TV,2,Cheap Customer
378,57,male,free,14318,36,car,0,Loyal Customer
379,52,female,own,362,6,car,1,Lost Customer
380,39,male,own,2212,20,furniture/equipment,1,Lost Customer
381,38,female,free,12976,18,car,0,Loyal Customer
382,25,female,rent,1283,22,car,2,Cheap Customer
383,26,male,own,1330,12,car,2,Cheap Customer
384,26,male,own,4272,30,business,0,Loyal Customer
385,25,female,own,2238,18,radio/TV,2,Cheap Customer
386,21,female,rent,1126,18,radio/TV,2,Cheap Customer
387,40,male,own,7374,18,furniture/equipment,0,Loyal Customer
388,27,male,own,2326,15,business,2,Cheap Customer
389,27,female,own,1449,9,business,2,Cheap Customer
390,30,male,own,1820,18,car,2,Cheap Customer
391,19,female,rent,983,12,furniture/equipment,2,Cheap Customer
392,39,male,free,3249,36,car,0,Loyal Customer
393,31,female,own,1957,6,radio/TV,2,Cheap Customer
394,31,male,own,2406,9,furniture/equipment,2,Cheap Customer
395,32,male,rent,11760,39,education,0,Loyal Customer
396,55,female,free,2578,12,furniture/equipment,1,Lost Customer
397,46,male,own,2348,36,furniture/equipment,0,Loyal Customer
398,46,male,rent,1223,12,car,1,Lost Customer
399,43,female,own,1516,24,radio/TV,1,Lost Customer
400,39,male,own,1473,18,radio/TV,1,Lost Customer
401,28,male,own,1887,18,business,2,Cheap Customer
402,27,male,own,8648,24,business,0,Loyal Customer
403,27,male,own,802,14,car,2,Cheap Customer
404,43,male,own,2899,18,car,1,Lost Customer
405,22,male,own,2039,24,radio/TV,2,Cheap Customer
406,43,male,own,2197,24,car,1,Lost Customer
407,27,male,own,1053,15,radio/TV,2,Cheap Customer
408,26,male,own,3235,24,radio/TV,0,Loyal Customer
409,28,male,own,939,12,car,2,Cheap Customer
410,20,female,own,1967,24,radio/TV,2,Cheap Customer
411,35,male,own,7253,33,car,0,Loyal Customer
412,42,male,own,2292,12,business,1,Lost Customer
413,40,male,rent,1597,10,car,1,Lost Customer
414,35,female,own,1381,24,car,2,Cheap Customer
415,35,male,own,5842,36,car,0,Loyal Customer
416,33,male,own,2579,12,car,2,Cheap Customer
417,23,female,rent,8471,18,education,0,Loyal Customer
418,31,female,own,2782,21,car,0,Loyal Customer
419,33,female,own,1042,18,car,2,Cheap Customer
420,20,female,rent,3186,15,car,2,Cheap Customer
421,30,male,own,2028,12,car,2,Cheap Customer
422,47,male,own,958,12,car,1,Lost Customer
423,34,male,own,1591,21,furniture/equipment,2,Cheap Customer
424,25,female,own,2762,12,furniture/equipment,2,Cheap Customer
425,21,male,rent,2779,18,car,2,Cheap Customer
426,29,male,own,2743,28,radio/TV,0,Loyal Customer
427,46,male,own,1149,18,radio/TV,1,Lost Customer
428,20,male,own,1313,9,furniture/equipment,2,Cheap Customer
429,55,female,free,1190,18,repairs,1,Lost Customer
430,74,male,own,3448,5,business,1,Lost Customer
431,29,male,own,11328,24,vacation/others,0,Loyal Customer
432,36,male,free,1872,6,furniture/equipment,1,Lost Customer
433,33,male,own,2058,24,repairs,0,Loyal Customer
434,25,male,own,2136,9,furniture/equipment,2,Cheap Customer
435,25,male,own,1484,12,radio/TV,2,Cheap Customer
436,23,male,rent,660,6,repairs,2,Cheap Customer
437,37,female,own,1287,24,car,1,Lost Customer
438,65,male,own,3394,42,repairs,0,Loyal Customer
439,26,female,own,609,12,business,2,Cheap Customer
440,39,male,own,1884,12,car,1,Lost Customer
441,30,female,own,1620,12,furniture/equipment,2,Cheap Customer
442,29,male,own,2629,20,vacation/others,2,Cheap Customer
443,41,male,own,719,12,education,1,Lost Customer
444,30,female,own,5096,48,furniture/equipment,0,Loyal Customer
445,41,female,rent,1244,9,education,1,Lost Customer
446,34,female,own,1842,36,car,0,Loyal Customer
447,35,male,own,2576,7,radio/TV,2,Cheap Customer
448,55,female,own,1424,12,furniture/equipment,1,Lost Customer
449,61,male,own,1512,15,repairs,1,Lost Customer
450,30,male,own,11054,36,car,0,Loyal Customer
451,29,female,own,518,6,radio/TV,2,Cheap Customer
452,34,male,own,2759,12,furniture/equipment,2,Cheap Customer
453,35,male,own,2670,24,car,0,Loyal Customer
454,31,male,own,4817,24,car,0,Loyal Customer
455,29,female,own,2679,24,car,0,Loyal Customer
456,36,male,rent,3905,11,car,1,Lost Customer
457,35,male,free,3386,12,car,2,Cheap Customer
458,27,female,own,343,6,domestic appliances,2,Cheap Customer
459,32,male,own,4594,18,radio/TV,0,Loyal Customer
460,37,male,own,3620,36,furniture/equipment,0,Loyal Customer
461,36,male,own,1721,15,car,2,Cheap Customer
462,34,female,rent,3017,12,furniture/equipment,2,Cheap Customer
463,38,male,own,754,12,education,1,Lost Customer
464,34,male,own,1950,18,business,2,Cheap Customer
465,63,male,own,2924,24,car,1,Lost Customer
466,29,female,rent,1659,24,radio/TV,2,Cheap Customer
467,32,male,own,7238,48,radio/TV,0,Loyal Customer
468,26,female,own,2764,33,business,0,Loyal Customer
469,35,male,own,4679,24,car,0,Loyal Customer
470,22,male,rent,3092,24,radio/TV,0,Loyal Customer
471,23,female,own,448,6,education,2,Cheap Customer
472,28,male,own,654,9,car,2,Cheap Customer
473,36,male,own,1238,6,education,1,Lost Customer
474,33,male,own,1245,18,radio/TV,2,Cheap Customer
475,26,female,rent,3114,18,furniture/equipment,2,Cheap Customer
476,24,male,own,2569,39,car,0,Loyal Customer
477,25,male,own,5152,24,radio/TV,0,Loyal Customer
478,39,male,own,1037,12,business,1,Lost Customer
479,44,male,own,1478,15,furniture/equipment,1,Lost Customer
480,23,female,own,3573,12,radio/TV,2,Cheap Customer
481,26,male,own,1201,24,car,2,Cheap Customer
482,57,female,rent,3622,30,furniture/equipment,0,Loyal Customer
483,30,female,own,960,15,furniture/equipment,2,Cheap Customer
484,44,male,own,1163,12,car,1,Lost Customer
485,47,male,own,1209,6,car,1,Lost Customer
486,52,male,own,3077,12,radio/TV,1,Lost Customer
487,62,female,free,3757,24,car,1,Lost Customer
488,35,male,rent,1418,10,car,2,Cheap Customer
489,26,male,rent,3518,6,car,2,Cheap Customer
490,26,male,own,1934,12,radio/TV,2,Cheap Customer
491,42,female,free,8318,27,business,0,Loyal Customer
492,27,female,own,1237,6,radio/TV,2,Cheap Customer
493,38,male,own,368,6,radio/TV,1,Lost Customer
494,39,male,rent,2122,12,car,1,Lost Customer
495,20,male,own,2996,24,furniture/equipment,2,Cheap Customer
496,29,male,rent,9034,36,furniture/equipment,0,Loyal Customer
497,40,male,own,1585,24,furniture/equipment,1,Lost Customer
498,32,male,own,1301,18,radio/TV,2,Cheap Customer
499,28,male,own,1323,6,car,2,Cheap Customer
500,27,female,own,3123,24,car,0,Loyal Customer
501,42,male,free,5493,36,car,0,Loyal Customer
502,49,male,own,1126,9,radio/TV,1,Lost Customer
503,38,male,own,1216,24,radio/TV,1,Lost Customer
504,24,female,rent,1207,24,car,2,Cheap Customer
505,27,male,own,1309,10,car,2,Cheap Customer
506,36,male,own,2360,15,car,2,Cheap Customer
507,34,male,own,6850,15,car,0,Loyal Customer
508,28,male,own,1413,24,radio/TV,2,Cheap Customer
509,45,male,own,8588,39,car,0,Loyal Customer
510,26,male,own,759,12,car,2,Cheap Customer
511,32,male,free,4686,36,car,0,Loyal Customer
512,26,male,rent,2687,15,business,2,Cheap Customer
513,20,male,rent,585,12,radio/TV,2,Cheap Customer
514,54,male,own,2255,24,car,1,Lost Customer
515,37,female,own,609,6,car,1,Lost Customer
516,40,male,own,1361,6,car,1,Lost Customer
517,23,female,rent,7127,36,furniture/equipment,0,Loyal Customer
518,43,male,own,1203,6,car,1,Lost Customer
519,36,male,free,700,6,radio/TV,2,Cheap Customer
520,44,male,free,5507,24,repairs,0,Loyal Customer
521,24,female,own,3190,18,radio/TV,2,Cheap Customer
522,53,male,free,7119,48,furniture/equipment,0,Loyal Customer
523,23,female,own,3488,24,car,0,Loyal Customer
524,26,female,own,1113,18,radio/TV,2,Cheap Customer
525,30,male,own,7966,26,car,0,Loyal Customer
526,31,female,own,1532,15,education,2,Cheap Customer
527,42,male,own,1503,4,radio/TV,1,Lost Customer
528,31,male,rent,2302,36,radio/TV,0,Loyal Customer
529,41,male,own,662,6,car,1,Lost Customer
530,32,male,own,2273,36,education,0,Loyal Customer
531,28,female,rent,2631,15,car,2,Cheap Customer
532,41,male,rent,1503,12,car,1,Lost Customer
533,26,male,own,1311,24,radio/TV,2,Cheap Customer
534,25,male,own,3105,24,radio/TV,0,Loyal Customer
535,33,male,rent,2319,21,education,2,Cheap Customer
536,75,female,own,1374,6,car,1,Lost Customer
537,37,female,own,3612,18,furniture/equipment,0,Loyal Customer
538,42,male,free,7763,48,car,0,Loyal Customer
539,45,female,own,3049,18,furniture/equipment,1,Lost Customer
540,23,male,rent,1534,12,radio/TV,2,Cheap Customer
541,60,male,free,2032,24,car,1,Lost Customer
542,31,male,own,6350,30,furniture/equipment,0,Loyal Customer
543,34,male,own,2864,18,furniture/equipment,0,Loyal Customer
544,61,male,own,1255,12,car,1,Lost Customer
545,43,male,free,1333,24,car,1,Lost Customer
546,37,female,own,2022,24,car,0,Loyal Customer
547,32,male,own,1552,24,radio/TV,2,Cheap Customer
548,24,female,own,626,12,radio/TV,2,Cheap Customer
549,35,male,free,8858,48,car,0,Loyal Customer
550,23,female,own,996,12,repairs,2,Cheap Customer
551,45,male,own,1750,6,radio/TV,1,Lost Customer
552,34,male,own,6999,48,radio/TV,0,Loyal Customer
553,27,male,own,1995,12,car,2,Cheap Customer
554,67,female,own,1199,9,education,1,Lost Customer
555,22,male,own,1331,12,radio/TV,2,Cheap Customer
556,28,female,own,2278,18,car,2,Cheap Customer
557,29,female,own,5003,21,car,0,Loyal Customer
558,27,male,own,3552,24,furniture/equipment,0,Loyal Customer
559,31,male,own,1928,18,furniture/equipment,2,Cheap Customer
560,49,male,free,2964,24,car,1,Lost Customer
561,24,male,rent,1546,24,radio/TV,2,Cheap Customer
562,29,female,own,683,6,radio/TV,2,Cheap Customer
563,37,male,free,12389,36,car,0,Loyal Customer
564,37,male,own,4712,24,business,0,Loyal Customer
565,23,female,rent,1553,24,radio/TV,2,Cheap Customer
566,36,male,own,1372,12,car,2,Cheap Customer
567,34,male,own,2578,24,radio/TV,0,Loyal Customer
568,41,male,own,3979,48,radio/TV,0,Loyal Customer
569,31,female,own,6758,48,radio/TV,0,Loyal Customer
570,23,female,rent,3234,24,furniture/equipment,0,Loyal Customer
571,38,male,own,5954,30,radio/TV,0,Loyal Customer
572,26,female,rent,5433,24,car,0,Loyal Customer
573,22,female,own,806,15,business,2,Cheap Customer
574,27,male,own,1082,9,radio/TV,2,Cheap Customer
575,24,female,own,2788,15,furniture/equipment,2,Cheap Customer
576,27,female,own,2930,12,radio/TV,2,Cheap Customer
577,33,female,own,1927,24,education,2,Cheap Customer
578,27,male,own,2820,36,car,0,Loyal Customer
579,27,male,own,937,24,education,2,Cheap Customer
580,30,male,own,1056,18,car,2,Cheap Customer
581,49,male,own,3124,12,car,1,Lost Customer
582,26,female,rent,1388,9,furniture/equipment,2,Cheap Customer
583,33,male,rent,2384,36,repairs,0,Loyal Customer
584,52,female,free,2133,12,car,1,Lost Customer
585,20,female,rent,2039,18,furniture/equipment,2,Cheap Customer
586,36,male,rent,2799,9,car,1,Lost Customer
587,21,male,own,1289,12,furniture/equipment,2,Cheap Customer
588,47,male,own,1217,18,domestic appliances,1,Lost Customer
589,60,male,own,2246,12,furniture/equipment,1,Lost Customer
590,58,female,own,385,12,radio/TV,1,Lost Customer
591,42,female,rent,1965,24,car,1,Lost Customer
592,36,female,own,1572,21,business,2,Cheap Customer
593,20,female,rent,2718,24,car,2,Cheap Customer
594,40,male,own,1358,24,vacation/others,1,Lost Customer
595,32,female,own,931,6,car,2,Cheap Customer
596,23,female,rent,1442,24,car,2,Cheap Customer
597,36,male,own,4241,24,business,0,Loyal Customer
598,31,male,own,2775,18,car,2,Cheap Customer
599,32,male,free,3863,24,business,0,Loyal Customer
600,45,female,own,2329,7,radio/TV,1,Lost Customer
601,30,female,own,918,9,furniture/equipment,2,Cheap Customer
602,34,female,free,1837,24,education,2,Cheap Customer
603,28,female,own,3349,36,furniture/equipment,0,Loyal Customer
604,23,female,own,1275,10,furniture/equipment,2,Cheap Customer
605,22,male,own,2828,24,furniture/equipment,2,Cheap Customer
606,74,male,own,4526,24,business,1,Lost Customer
607,50,female,free,2671,36,radio/TV,0,Loyal Customer
608,33,male,own,2051,18,radio/TV,2,Cheap Customer
609,45,male,free,1300,15,car,1,Lost Customer
610,22,female,own,741,12,domestic appliances,2,Cheap Customer
611,48,female,free,1240,10,car,1,Lost Customer
612,29,female,own,3357,21,radio/TV,0,Loyal Customer
613,22,female,rent,3632,24,car,0,Loyal Customer
614,22,female,own,1808,18,furniture/equipment,2,Cheap Customer
615,48,male,own,12204,48,business,0,Loyal Customer
616,27,male,free,9157,60,radio/TV,0,Loyal Customer
617,37,male,rent,3676,6,car,1,Lost Customer
618,21,female,rent,3441,30,furniture/equipment,0,Loyal Customer
619,49,male,own,640,12,car,1,Lost Customer
620,27,male,own,3652,21,business,0,Loyal Customer
621,32,male,own,1530,18,car,2,Cheap Customer
622,38,male,own,3914,48,business,0,Loyal Customer
623,22,female,rent,1858,12,furniture/equipment,2,Cheap Customer
624,65,male,free,2600,18,radio/TV,1,Lost Customer
625,35,male,own,1979,15,radio/TV,2,Cheap Customer
626,41,male,own,2116,6,furniture/equipment,1,Lost Customer
627,29,male,own,1437,9,car,2,Cheap Customer
628,36,male,own,4042,42,furniture/equipment,0,Loyal Customer
629,64,male,own,3832,9,education,1,Lost Customer
630,28,female,own,3660,24,radio/TV,0,Loyal Customer
631,44,male,own,1553,18,furniture/equipment,1,Lost Customer
632,23,male,own,1444,15,radio/TV,2,Cheap Customer
633,19,female,rent,1980,9,furniture/equipment,2,Cheap Customer
634,25,female,own,1355,24,car,2,Cheap Customer
635,47,male,own,1393,12,education,1,Lost Customer
636,28,female,own,1376,24,radio/TV,2,Cheap Customer
637,21,male,own,15653,60,radio/TV,0,Loyal Customer
638,34,female,own,1493,12,radio/TV,2,Cheap Customer
639,26,male,own,4370,42,radio/TV,0,Loyal Customer
640,27,female,own,750,18,education,2,Cheap Customer
641,38,male,own,1308,15,repairs,1,Lost Customer
642,40,male,own,4623,15,education,0,Loyal Customer
643,33,male,own,1851,24,radio/TV,2,Cheap Customer
644,32,male,own,1880,18,radio/TV,2,Cheap Customer
645,27,male,rent,7980,36,business,0,Loyal Customer
646,32,male,own,4583,30,furniture/equipment,0,Loyal Customer
647,26,female,own,1386,12,car,2,Cheap Customer
648,38,male,free,947,24,car,1,Lost Customer
649,40,male,rent,684,12,education,1,Lost Customer
650,50,male,free,7476,48,education,0,Loyal Customer
651,37,male,own,1922,12,furniture/equipment,1,Lost Customer
652,45,male,own,2303,24,car,1,Lost Customer
653,42,male,own,8086,36,car,0,Loyal Customer
654,35,male,own,2346,24,car,0,Loyal Customer
655,22,male,free,3973,14,car,2,Cheap Customer
656,41,male,own,888,12,car,1,Lost Customer
657,37,male,own,10222,48,radio/TV,0,Loyal Customer
658,28,female,own,4221,30,business,0,Loyal Customer
659,41,male,own,6361,18,furniture/equipment,0,Loyal Customer
660,23,male,rent,1297,12,radio/TV,2,Cheap Customer
661,23,male,own,900,12,car,2,Cheap Customer
662,50,male,own,2241,21,furniture/equipment,1,Lost Customer
663,35,male,own,1050,6,furniture/equipment,2,Cheap Customer
664,50,female,own,1047,6,education,1,Lost Customer
665,27,male,own,6314,24,vacation/others,0,Loyal Customer
666,34,male,own,3496,30,furniture/equipment,0,Loyal Customer
667,27,female,own,3609,48,business,0,Loyal Customer
668,43,male,rent,4843,12,car,1,Lost Customer
669,47,male,own,3017,30,radio/TV,0,Loyal Customer
670,27,male,own,4139,24,business,0,Loyal Customer
671,31,male,own,5742,36,business,0,Loyal Customer
672,42,male,own,10366,60,car,0,Loyal Customer
673,24,male,own,2080,6,car,2,Cheap Customer
674,41,male,own,2580,21,business,1,Lost Customer
675,26,female,rent,4530,30,radio/TV,0,Loyal Customer
676,33,male,own,5150,24,furniture/equipment,0,Loyal Customer
677,24,male,own,5595,72,radio/TV,0,Loyal Customer
678,64,male,rent,2384,24,radio/TV,1,Lost Customer
679,26,female,own,1453,18,radio/TV,2,Cheap Customer
680,56,female,own,1538,6,education,1,Lost Customer
681,37,male,free,2279,12,radio/TV,1,Lost Customer
682,33,male,own,1478,15,radio/TV,2,Cheap Customer
683,47,male,free,5103,24,radio/TV,0,Loyal Customer
684,31,male,own,9857,36,business,0,Loyal Customer
685,34,male,free,6527,60,car,0,Loyal Customer
686,27,male,own,1347,10,radio/TV,2,Cheap Customer
687,30,male,free,2862,36,car,0,Loyal Customer
688,35,male,own,2753,9,radio/TV,2,Cheap Customer
689,31,male,own,3651,12,car,2,Cheap Customer
690,25,male,own,975,15,furniture/equipment,2,Cheap Customer
691,25,female,own,2631,15,repairs,2,Cheap Customer
692,29,male,own,2896,24,radio/TV,0,Loyal Customer
693,44,male,own,4716,6,car,1,Lost Customer
694,28,male,own,2284,24,radio/TV,2,Cheap Customer
695,50,male,rent,1236,6,car,1,Lost Customer
696,29,male,own,1103,12,radio/TV,2,Cheap Customer
697,38,female,own,926,12,car,1,Lost Customer
698,24,male,own,1800,18,radio/TV,2,Cheap Customer
699,40,male,rent,1905,15,education,1,Lost Customer
700,29,female,rent,1123,12,furniture/equipment,2,Cheap Customer
701,46,male,free,6331,48,car,0,Loyal Customer
702,47,female,free,1377,24,radio/TV,1,Lost Customer
703,41,male,own,2503,30,business,0,Loyal Customer
704,32,female,own,2528,27,business,0,Loyal Customer
705,35,female,free,5324,15,car,0,Loyal Customer
706,24,male,own,6560,48,car,0,Loyal Customer
707,25,female,rent,2969,12,furniture/equipment,2,Cheap Customer
708,25,female,own,1206,9,radio/TV,2,Cheap Customer
709,37,male,own,2118,9,radio/TV,1,Lost Customer
710,32,male,own,629,18,radio/TV,2,Cheap Customer
711,35,female,free,1198,6,education,2,Cheap Customer
712,46,male,own,2476,21,car,1,Lost Customer
713,25,male,own,1138,9,radio/TV,2,Cheap Customer
714,27,male,own,14027,60,car,0,Loyal Customer
715,63,male,own,7596,30,car,0,Loyal Customer
716,40,male,own,3077,30,radio/TV,0,Loyal Customer
717,32,male,free,1505,18,radio/TV,2,Cheap Customer
718,31,male,own,3148,24,radio/TV,0,Loyal Customer
719,31,male,own,6148,20,car,0,Loyal Customer
720,34,male,own,1337,9,radio/TV,2,Cheap Customer
721,24,female,rent,433,6,education,2,Cheap Customer
722,24,female,own,1228,12,car,2,Cheap Customer
723,66,female,own,790,9,radio/TV,1,Lost Customer
724,21,female,rent,2570,27,car,2,Cheap Customer
725,41,female,own,250,6,car,1,Lost Customer
726,47,male,own,1316,15,radio/TV,1,Lost Customer
727,25,female,rent,1882,18,radio/TV,2,Cheap Customer
728,59,female,rent,6416,48,business,0,Loyal Customer
729,36,male,own,1275,24,business,2,Cheap Customer
730,33,male,own,6403,24,radio/TV,0,Loyal Customer
731,21,male,rent,1987,24,radio/TV,2,Cheap Customer
732,44,female,own,760,8,radio/TV,1,Lost Customer
733,28,female,rent,2603,24,car,0,Loyal Customer
734,37,female,own,3380,4,car,1,Lost Customer
735,29,female,own,3990,36,domestic appliances,0,Loyal Customer
736,23,female,rent,11560,24,car,0,Loyal Customer
737,35,male,own,4380,18,car,0,Loyal Customer
738,45,male,own,6761,6,car,1,Lost Customer
739,26,female,rent,4280,30,business,0,Loyal Customer
740,32,male,own,2325,24,car,0,Loyal Customer
741,23,male,own,1048,10,radio/TV,2,Cheap Customer
742,41,male,own,3160,21,radio/TV,0,Loyal Customer
743,22,male,own,2483,24,furniture/equipment,2,Cheap Customer
744,30,male,own,14179,39,furniture/equipment,0,Loyal Customer
745,28,male,own,1797,13,business,2,Cheap Customer
746,23,female,rent,2511,15,car,2,Cheap Customer
747,37,female,own,1274,12,car,1,Lost Customer
748,26,male,own,5248,21,car,0,Loyal Customer
749,33,male,own,3029,15,car,2,Cheap Customer
750,49,female,own,428,6,furniture/equipment,1,Lost Customer
751,23,female,own,976,18,car,2,Cheap Customer
752,23,female,rent,841,12,business,2,Cheap Customer
753,25,female,own,5771,30,radio/TV,0,Loyal Customer
754,55,male,free,1555,12,repairs,1,Lost Customer
755,32,female,rent,1285,24,car,2,Cheap Customer
756,74,male,own,1299,6,car,1,Lost Customer
757,39,male,free,1271,15,radio/TV,1,Lost Customer
758,31,male,own,1393,24,car,2,Cheap Customer
759,35,male,own,691,12,car,2,Cheap Customer
760,59,female,own,5045,15,car,1,Lost Customer
761,24,female,rent,2124,18,furniture/equipment,2,Cheap Customer
762,24,male,own,2214,12,radio/TV,2,Cheap Customer
763,30,male,free,12680,21,car,0,Loyal Customer
764,27,male,own,2463,24,car,0,Loyal Customer
765,40,male,own,1155,12,radio/TV,1,Lost Customer
766,31,male,own,3108,30,furniture/equipment,0,Loyal Customer
767,31,female,rent,2901,10,car,2,Cheap Customer
768,28,male,rent,3617,12,furniture/equipment,2,Cheap Customer
769,63,male,own,1655,12,radio/TV,1,Lost Customer
770,26,female,rent,2812,24,car,0,Loyal Customer
771,25,female,own,8065,36,education,0,Loyal Customer
772,36,male,own,3275,21,car,0,Loyal Customer
773,52,male,own,2223,24,radio/TV,1,Lost Customer
774,66,male,free,1480,12,car,1,Lost Customer
775,25,female,rent,1371,24,car,2,Cheap Customer
776,37,male,own,3535,36,car,0,Loyal Customer
777,25,female,own,3509,18,radio/TV,2,Cheap Customer
778,38,male,own,5711,36,car,0,Loyal Customer
779,67,female,own,3872,18,repairs,1,Lost Customer
780,25,male,own,4933,39,radio/TV,0,Loyal Customer
781,60,male,own,1940,24,car,1,Lost Customer
782,31,male,own,1410,12,education,2,Cheap Customer
783,23,female,own,836,12,car,2,Cheap Customer
784,60,male,own,6468,20,car,1,Lost Customer
785,35,male,own,1941,18,business,2,Cheap Customer
786,40,male,own,2675,22,radio/TV,0,Loyal Customer
787,38,male,own,2751,48,car,0,Loyal Customer
788,50,male,free,6224,48,education,0,Loyal Customer
789,27,male,own,5998,40,education,0,Loyal Customer
790,39,female,own,1188,21,business,1,Lost Customer
791,41,male,own,6313,24,car,0,Loyal Customer
792,27,male,own,1221,6,furniture/equipment,2,Cheap Customer
793,51,male,free,2892,24,furniture/equipment,1,Lost Customer
794,32,male,rent,3062,24,furniture/equipment,0,Loyal Customer
795,22,female,rent,2301,9,furniture/equipment,2,Cheap Customer
796,51,male,free,7511,18,car,0,Loyal Customer
797,22,female,rent,1258,12,furniture/equipment,2,Cheap Customer
798,54,male,own,717,24,car,1,Lost Customer
799,35,male,own,1549,9,car,2,Cheap Customer
800,54,male,free,1597,24,education,1,Lost Customer
801,48,female,rent,1795,18,radio/TV,1,Lost Customer
802,24,female,own,4272,20,furniture/equipment,0,Loyal Customer
803,35,male,own,976,12,radio/TV,2,Cheap Customer
804,24,female,rent,7472,12,car,0,Loyal Customer
805,24,male,own,9271,36,car,0,Loyal Customer
806,26,male,own,590,6,radio/TV,2,Cheap Customer
807,65,male,own,930,12,radio/TV,1,Lost Customer
808,55,male,free,9283,42,car,0,Loyal Customer
809,26,female,rent,1778,15,car,2,Cheap Customer
810,26,male,own,907,8,business,2,Cheap Customer
811,28,male,own,484,6,radio/TV,2,Cheap Customer
812,24,male,own,9629,36,car,0,Loyal Customer
813,54,male,own,3051,48,domestic appliances,0,Loyal Customer
814,46,male,free,3931,48,car,0,Loyal Customer
815,54,female,rent,7432,36,car,0,Loyal Customer
816,62,male,own,1338,6,domestic appliances,1,Lost Customer
817,24,female,rent,1554,6,radio/TV,2,Cheap Customer
818,43,male,own,15857,36,vacation/others,0,Loyal Customer
819,26,male,own,1345,18,radio/TV,2,Cheap Customer
820,27,male,own,1101,12,car,2,Cheap Customer
821,24,male,own,3016,12,radio/TV,2,Cheap Customer
822,41,male,own,2712,36,furniture/equipment,0,Loyal Customer
823,47,male,own,731,8,car,1,Lost Customer
824,35,male,own,3780,18,furniture/equipment,0,Loyal Customer
825,30,male,own,1602,21,car,2,Cheap Customer
826,33,female,rent,3966,18,car,0,Loyal Customer
827,36,male,own,4165,18,business,0,Loyal Customer
828,47,male,free,8335,36,car,0,Loyal Customer
829,38,male,free,6681,48,business,0,Loyal Customer
830,44,male,own,2375,24,business,1,Lost Customer
831,23,female,rent,1216,18,car,2,Cheap Customer
832,29,male,rent,11816,45,business,0,Loyal Customer
833,42,female,own,5084,24,radio/TV,0,Loyal Customer
834,25,female,own,2327,15,radio/TV,2,Cheap Customer
835,48,male,own,1082,12,car,1,Lost Customer
836,21,female,own,886,12,radio/TV,2,Cheap Customer
837,23,female,rent,601,4,furniture/equipment,2,Cheap Customer
838,63,male,own,2957,24,car,1,Lost Customer
839,46,male,own,2611,24,radio/TV,1,Lost Customer
840,29,male,own,5179,36,furniture/equipment,0,Loyal Customer
841,28,male,own,2993,21,car,0,Loyal Customer
842,23,female,own,1943,18,repairs,2,Cheap Customer
843,50,male,own,1559,24,business,1,Lost Customer
844,47,male,own,3422,18,furniture/equipment,1,Lost Customer
845,35,male,own,3976,21,furniture/equipment,0,Loyal Customer
846,68,male,rent,6761,18,car,1,Lost Customer
847,28,male,own,1249,24,car,2,Cheap Customer
848,59,male,own,1364,9,radio/TV,1,Lost Customer
849,57,male,own,709,12,radio/TV,1,Lost Customer
850,33,male,rent,2235,20,car,2,Cheap Customer
851,43,male,own,4042,24,car,0,Loyal Customer
852,35,male,free,1471,15,radio/TV,2,Cheap Customer
853,32,male,free,1442,18,car,2,Cheap Customer
854,45,male,own,10875,36,car,0,Loyal Customer
855,33,male,own,1474,24,car,2,Cheap Customer
856,40,female,own,894,10,education,1,Lost Customer
857,28,male,free,3343,15,furniture/equipment,2,Cheap Customer
858,29,female,own,3959,15,car,2,Cheap Customer
859,26,male,rent,3577,9,car,2,Cheap Customer
860,27,male,own,5804,24,car,0,Loyal Customer
861,28,male,own,2169,18,business,2,Cheap Customer
862,35,female,own,2439,24,radio/TV,0,Loyal Customer
863,32,male,own,4526,27,furniture/equipment,0,Loyal Customer
864,25,male,rent,2210,10,furniture/equipment,2,Cheap Customer
865,20,female,rent,2221,15,furniture/equipment,2,Cheap Customer
866,27,female,own,2389,18,radio/TV,2,Cheap Customer
867,42,male,own,3331,12,furniture/equipment,1,Lost Customer
868,37,male,own,7409,36,business,0,Loyal Customer
869,24,female,rent,652,12,furniture/equipment,2,Cheap Customer
870,40,female,own,7678,36,furniture/equipment,0,Loyal Customer
871,46,male,own,1343,6,car,1,Lost Customer
872,26,male,own,1382,24,business,2,Cheap Customer
873,24,female,own,874,15,domestic appliances,2,Cheap Customer
874,29,male,own,3590,12,furniture/equipment,2,Cheap Customer
875,40,female,own,1322,11,car,1,Lost Customer
876,36,male,free,1940,18,radio/TV,2,Cheap Customer
877,28,male,own,3595,36,radio/TV,0,Loyal Customer
878,27,male,free,1422,9,car,2,Cheap Customer
879,36,male,own,6742,30,radio/TV,0,Loyal Customer
880,38,male,own,7814,24,car,0,Loyal Customer
881,48,male,free,9277,24,car,0,Loyal Customer
882,36,male,own,2181,30,car,0,Loyal Customer
883,65,female,own,1098,18,radio/TV,1,Lost Customer
884,43,male,own,4057,24,furniture/equipment,0,Loyal Customer
885,53,female,own,795,12,education,1,Lost Customer
886,34,male,own,2825,24,business,0,Loyal Customer
887,23,male,own,15672,48,business,0,Loyal Customer
888,34,male,own,6614,36,car,0,Loyal Customer
889,40,male,rent,7824,28,car,0,Loyal Customer
890,43,male,own,2442,27,business,0,Loyal Customer
891,46,male,own,1829,15,radio/TV,1,Lost Customer
892,38,male,own,2171,12,car,1,Lost Customer
893,34,male,own,5800,36,car,0,Loyal Customer
894,29,male,own,1169,18,radio/TV,2,Cheap Customer
895,31,male,own,8947,36,car,0,Loyal Customer
896,28,female,rent,2606,21,radio/TV,2,Cheap Customer
897,35,female,own,1592,12,furniture/equipment,2,Cheap Customer
898,33,female,rent,2186,15,furniture/equipment,2,Cheap Customer
899,42,male,own,4153,18,furniture/equipment,0,Loyal Customer
900,43,male,rent,2625,16,car,1,Lost Customer
901,44,male,own,3485,20,car,0,Loyal Customer
902,42,male,free,10477,36,car,0,Loyal Customer
903,40,male,rent,1386,15,radio/TV,1,Lost Customer
904,36,male,own,1278,24,radio/TV,2,Cheap Customer
905,20,male,rent,1107,12,radio/TV,2,Cheap Customer
906,24,male,own,3763,21,car,0,Loyal Customer
907,27,male,own,3711,36,education,0,Loyal Customer
908,46,female,own,3594,15,car,1,Lost Customer
909,33,female,own,3195,9,car,2,Cheap Customer
910,34,female,own,4454,36,radio/TV,0,Loyal Customer
911,25,female,own,4736,24,furniture/equipment,0,Loyal Customer
912,25,female,own,2991,30,radio/TV,0,Loyal Customer
913,28,male,own,2142,11,business,2,Cheap Customer
914,31,male,rent,3161,24,business,0,Loyal Customer
915,32,female,own,18424,48,vacation/others,0,Loyal Customer
916,32,male,own,2848,10,car,2,Cheap Customer
917,68,male,own,14896,6,car,1,Lost Customer
918,33,male,own,2359,24,furniture/equipment,0,Loyal Customer
919,39,male,rent,3345,24,furniture/equipment,0,Loyal Customer
920,28,female,own,1817,18,furniture/equipment,2,Cheap Customer
921,37,male,own,12749,48,radio/TV,0,Loyal Customer
922,22,female,rent,1366,9,radio/TV,2,Cheap Customer
923,30,male,rent,2002,12,car,2,Cheap Customer
924,55,male,own,6872,24,furniture/equipment,0,Loyal Customer
925,46,male,own,697,12,car,1,Lost Customer
926,21,female,rent,1049,18,furniture/equipment,2,Cheap Customer
927,39,male,free,10297,48,car,0,Loyal Customer
928,58,male,own,1867,30,radio/TV,1,Lost Customer
929,43,male,own,1344,12,car,1,Lost Customer
930,24,male,own,1747,24,furniture/equipment,2,Cheap Customer
931,22,female,own,1670,9,radio/TV,2,Cheap Customer
932,30,male,own,1224,9,car,2,Cheap Customer
933,42,male,own,522,12,radio/TV,1,Lost Customer
934,23,female,own,1498,12,radio/TV,2,Cheap Customer
935,30,male,own,1919,30,radio/TV,0,Loyal Customer
936,28,female,own,745,9,radio/TV,2,Cheap Customer
937,30,male,rent,2063,6,radio/TV,2,Cheap Customer
938,42,male,free,6288,60,education,0,Loyal Customer
939,46,male,own,6842,24,car,0,Loyal Customer
940,45,male,own,3527,12,car,1,Lost Customer
941,31,male,own,1546,10,car,2,Cheap Customer
942,31,male,own,929,24,furniture/equipment,2,Cheap Customer
943,42,male,own,1455,4,car,1,Lost Customer
944,46,female,rent,1845,15,furniture/equipment,1,Lost Customer
945,30,female,own,8358,48,car,0,Loyal Customer
946,30,male,free,3349,24,furniture/equipment,0,Loyal Customer
947,38,male,own,2859,12,car,1,Lost Customer
948,43,male,own,1533,18,furniture/equipment,1,Lost Customer
949,31,male,own,3621,24,radio/TV,0,Loyal Customer
950,40,male,own,3590,18,business,0,Loyal Customer
951,24,male,own,2145,36,business,0,Loyal Customer
952,28,female,rent,4113,24,car,0,Loyal Customer
953,26,female,own,10974,36,furniture/equipment,0,Loyal Customer
954,29,female,own,1893,12,car,2,Cheap Customer
955,57,female,rent,1231,24,radio/TV,1,Lost Customer
956,49,male,own,3656,30,radio/TV,0,Loyal Customer
957,37,male,own,1154,9,radio/TV,1,Lost Customer
958,45,male,own,4006,28,car,0,Loyal Customer
959,30,male,free,3069,24,furniture/equipment,0,Loyal Customer
960,30,male,rent,1740,6,radio/TV,2,Cheap Customer
961,47,male,own,2353,21,car,1,Lost Customer
962,29,male,own,3556,15,car,2,Cheap Customer
963,35,male,own,2397,24,radio/TV,0,Loyal Customer
964,22,male,own,454,6,repairs,2,Cheap Customer
965,26,female,own,1715,30,radio/TV,2,Cheap Customer
966,23,male,own,2520,27,radio/TV,0,Loyal Customer
967,54,female,rent,3568,15,radio/TV,1,Lost Customer
968,29,male,rent,7166,42,radio/TV,0,Loyal Customer
969,40,male,own,3939,11,car,1,Lost Customer
970,22,male,own,1514,15,repairs,2,Cheap Customer
971,43,male,own,7393,24,car,0,Loyal Customer
972,29,female,rent,1193,24,car,2,Cheap Customer
973,36,male,rent,7297,60,business,0,Loyal Customer
974,33,female,own,2831,30,radio/TV,0,Loyal Customer
975,57,female,own,1258,24,radio/TV,1,Lost Customer
976,64,female,own,753,6,radio/TV,1,Lost Customer
977,42,male,own,2427,18,business,1,Lost Customer
978,47,male,own,2538,24,car,1,Lost Customer
979,25,male,rent,1264,15,car,2,Cheap Customer
980,49,male,own,8386,30,furniture/equipment,0,Loyal Customer
981,33,male,rent,4844,48,business,0,Loyal Customer
982,28,female,own,2923,21,car,0,Loyal Customer
983,26,male,own,8229,36,car,0,Loyal Customer
984,30,male,own,2028,24,furniture/equipment,2,Cheap Customer
985,25,female,rent,1433,15,furniture/equipment,2,Cheap Customer
986,33,male,own,6289,42,business,0,Loyal Customer
987,64,female,own,1409,13,radio/TV,1,Lost Customer
988,29,male,free,6579,24,car,0,Loyal Customer
989,48,male,own,1743,24,radio/TV,1,Lost Customer
990,37,male,own,3565,12,education,1,Lost Customer
991,34,male,own,1569,15,radio/TV,2,Cheap Customer
992,23,male,rent,1936,18,radio/TV,2,Cheap Customer
993,30,male,own,3959,36,furniture/equipment,0,Loyal Customer
994,50,male,own,2390,12,car,1,Lost Customer
995,31,female,own,1736,12,furniture/equipment,2,Cheap Customer
996,40,male,own,3857,30,car,0,Loyal Customer
997,38,male,own,804,12,radio/TV,1,Lost Customer
998,23,male,free,1845,45,radio/TV,0,Loyal Customer
999,27,male,own,4576,45,car,0,Loyal Customer
